{"cameraMode":{"drawMode":0,"name":"Shaded","section":"Shading Mode"},"sceneLighting":false,"audioPlay":false,"sceneViewState":{"m_AlwaysRefresh":false,"showFog":true,"showSkybox":false,"showFlares":true,"showImageEffects":true,"showParticleSystems":true,"showVisualEffectGraphs":true,"m_FxEnabled":true},"in2DMode":false,"pivot":{"x":3.818605422973633,"y":-18.385356903076173,"z":24.260482788085939},"rotation":{"x":-0.00849081575870514,"y":-0.9729068875312805,"z":0.22820864617824555,"w":-0.036213554441928866},"size":55.075294494628909,"orthographic":false}