{"cameraMode":{"drawMode":0,"name":"Shaded","section":"Shading Mode"},"sceneLighting":true,"audioPlay":false,"sceneViewState":{"m_AlwaysRefresh":false,"showFog":true,"showSkybox":true,"showFlares":true,"showImageEffects":true,"showParticleSystems":true,"showVisualEffectGraphs":true,"m_FxEnabled":true},"in2DMode":false,"pivot":{"x":122.08091735839844,"y":163.14048767089845,"z":-57.7149658203125},"rotation":{"x":-0.026388797909021379,"y":-0.021897869184613229,"z":0.0005777081241831183,"w":-0.9994160532951355},"size":215.28268432617188,"orthographic":false}