{"cameraMode":{"drawMode":0,"name":"Shaded","section":"Shading Mode"},"sceneLighting":false,"audioPlay":false,"sceneViewState":{"m_AlwaysRefresh":false,"showFog":true,"showSkybox":false,"showFlares":true,"showImageEffects":true,"showParticleSystems":true,"showVisualEffectGraphs":true,"m_FxEnabled":true},"in2DMode":false,"pivot":{"x":6.519927501678467,"y":0.14200210571289063,"z":-9.873248100280762},"rotation":{"x":0.023338625207543374,"y":-0.0704229548573494,"z":0.00164416607003659,"w":0.9972475171089172},"size":16.165632247924806,"orthographic":true}