{"cameraMode":{"drawMode":0,"name":"Shaded","section":"Shading Mode"},"sceneLighting":false,"audioPlay":false,"sceneViewState":{"m_AlwaysRefresh":false,"showFog":true,"showSkybox":false,"showFlares":true,"showImageEffects":true,"showParticleSystems":true,"showVisualEffectGraphs":true,"m_FxEnabled":true},"in2DMode":false,"pivot":{"x":10.255000114440918,"y":5.713037014007568,"z":48.47723388671875},"rotation":{"x":0.03686847910284996,"y":-0.03447018191218376,"z":0.0012685437686741353,"w":0.9987294673919678},"size":25.509227752685548,"orthographic":true}