{"cameraMode":{"drawMode":0,"name":"Shaded","section":"Shading Mode"},"sceneLighting":false,"audioPlay":false,"sceneViewState":{"m_AlwaysRefresh":false,"showFog":true,"showSkybox":false,"showFlares":true,"showImageEffects":true,"showParticleSystems":true,"showVisualEffectGraphs":true,"m_FxEnabled":true},"in2DMode":false,"pivot":{"x":0.3146802484989166,"y":2.294379234313965,"z":12.701292037963868},"rotation":{"x":0.08200295269489289,"y":0.39382103085517886,"z":-0.03530473634600639,"w":0.914849042892456},"size":1.1761499643325806,"orthographic":false}